[Header],,,,,,,,,,
IEMFileVersion,4,,,,,,,,,
Investigator Name,parker,,,,,,,,,
Experiment Name,Run_1890,,,,,,,,,
Date,Jul 22 2017  7:10AM,,,,,,,,,
Workflow,GenerateFASTQ,,,,,,,,,
Application,HiSeq FASTQ Only,,,,,,,,,
Assay,TruSeq LT,,,,,,,,,
Description,Run_1890,,,,,,,,,
Chemistry,Default,,,,,,,,,
,,,,,,,,,,
[Reads],,,,,,,,,,
26,,,,,,,,,,
124,,,,,,,,,,
,,,,,,,,,,
[Settings],,,,,,,,,,
,,,,,,,,,,
[Data],,,,,,,,,,
Lane,Sample_ID,Sample_Name,Sample_Plate,Sample_Well,I7_Index_ID,index,index2,Sample_Project,Description,Sample_Type
1,Sample_85562,85562_TGACTCGC-AAGAGTCG,,,,TGACTCGC,AAGAGTCG,parker,83213_STARRseq_RFXarray_c,DNA
1,Sample_85563,85563_CGACTTAA-GTAGACCG,,,,CGACTTAA,GTAGACCG,parker,83213_STARRseq_RFXarray_c,DNA
1,Sample_85564,85564_ATCTCGCC-AAGTCAAT,,,,ATCTCGCC,AAGTCAAT,parker,83213_STARRseq_RFXarray_c,DNA
1,Sample_85565,85565_ATCGTCCG-CTACTCAC,,,,ATCGTCCG,CTACTCAC,parker,83213_STARRseq_RFXarray_s,DNA
1,Sample_85566,85566_ATTGCTTC-CGTGTTAT,,,,ATTGCTTC,CGTGTTAT,parker,83213_STARRseq_RFXarray_s,DNA
1,Sample_85567,85567_ACCTCAAG-GTAGACCG,,,,ACCTCAAG,GTAGACCG,parker,83213_STARRseq_RFXarray_input,DNA
2,Sample_85562,85562_TGACTCGC-AAGAGTCG,,,,TGACTCGC,AAGAGTCG,parker,83213_STARRseq_RFXarray_c,DNA
2,Sample_85563,85563_CGACTTAA-GTAGACCG,,,,CGACTTAA,GTAGACCG,parker,83213_STARRseq_RFXarray_c,DNA
2,Sample_85564,85564_ATCTCGCC-AAGTCAAT,,,,ATCTCGCC,AAGTCAAT,parker,83213_STARRseq_RFXarray_c,DNA
2,Sample_85565,85565_ATCGTCCG-CTACTCAC,,,,ATCGTCCG,CTACTCAC,parker,83213_STARRseq_RFXarray_s,DNA
2,Sample_85566,85566_ATTGCTTC-CGTGTTAT,,,,ATTGCTTC,CGTGTTAT,parker,83213_STARRseq_RFXarray_s,DNA
2,Sample_85567,85567_ACCTCAAG-GTAGACCG,,,,ACCTCAAG,GTAGACCG,parker,83213_STARRseq_RFXarray_input,DNA
3,Sample_85562,85562_TGACTCGC-AAGAGTCG,,,,TGACTCGC,AAGAGTCG,parker,83213_STARRseq_RFXarray_c,DNA
3,Sample_85563,85563_CGACTTAA-GTAGACCG,,,,CGACTTAA,GTAGACCG,parker,83213_STARRseq_RFXarray_c,DNA
3,Sample_85564,85564_ATCTCGCC-AAGTCAAT,,,,ATCTCGCC,AAGTCAAT,parker,83213_STARRseq_RFXarray_c,DNA
3,Sample_85565,85565_ATCGTCCG-CTACTCAC,,,,ATCGTCCG,CTACTCAC,parker,83213_STARRseq_RFXarray_s,DNA
3,Sample_85566,85566_ATTGCTTC-CGTGTTAT,,,,ATTGCTTC,CGTGTTAT,parker,83213_STARRseq_RFXarray_s,DNA
3,Sample_85567,85567_ACCTCAAG-GTAGACCG,,,,ACCTCAAG,GTAGACCG,parker,83213_STARRseq_RFXarray_input,DNA
4,Sample_85562,85562_TGACTCGC-AAGAGTCG,,,,TGACTCGC,AAGAGTCG,parker,83213_STARRseq_RFXarray_c,DNA
4,Sample_85563,85563_CGACTTAA-GTAGACCG,,,,CGACTTAA,GTAGACCG,parker,83213_STARRseq_RFXarray_c,DNA
4,Sample_85564,85564_ATCTCGCC-AAGTCAAT,,,,ATCTCGCC,AAGTCAAT,parker,83213_STARRseq_RFXarray_c,DNA
4,Sample_85565,85565_ATCGTCCG-CTACTCAC,,,,ATCGTCCG,CTACTCAC,parker,83213_STARRseq_RFXarray_s,DNA
4,Sample_85566,85566_ATTGCTTC-CGTGTTAT,,,,ATTGCTTC,CGTGTTAT,parker,83213_STARRseq_RFXarray_s,DNA
4,Sample_85567,85567_ACCTCAAG-GTAGACCG,,,,ACCTCAAG,GTAGACCG,parker,83213_STARRseq_RFXarray_input,DNA
